{
    "accuracy": 0.64,
    "precision": 0.6923076923076923,
    "recall": 0.5294117647058824,
    "auc": 0.6722689075630253
}