{
    "accuracy": 0.728,
    "precision": 0.734375,
    "recall": 0.734375,
    "auc": 0.7984118852459017
}